experiment_id,experiment_name,experiment_order,model,model_name,seed,trained_on_split,trained_on_dataset,evaluated_on_split,evaluated_on_dataset,feature_set,split_method,full_training_rows,training_rows_used,training_label_0,training_label_1,evaluation_rows,evaluation_label_0,evaluation_label_1,num_features,feature_columns,accuracy,balanced_accuracy,precision,recall,f1,f1_macro,f1_weighted,tn,fp,fn,tp,train_row_cap,epochs,batch_size,learning_rate,threshold,threshold_tuned,use_class_weight,training_seconds,evaluation_seconds,total_seconds,model_configuration,training_run,evaluation_run
random_common,Random 80/20 split,1,mdl00_baseline,Model 00: Majority Class Baseline,42,cic_random_80_20_v1,cic_collection,cic_random_80_20_v1,cic_collection,cic_common_v1,random,7334064,7334064,5748951,1585113,1833517,1437238,396279,11,"[""flow_duration"", ""total_fwd_packets"", ""total_bwd_packets"", ""total_fwd_bytes"", ""total_bwd_bytes"", ""fwd_packet_length_mean"", ""bwd_packet_length_mean"", ""flow_packets_s"", ""flow_bytes_s"", ""syn_flag_count"", ""urg_flag_count""]",0.7838694705312249,0.5,0.0,0.0,0.0,0.4394208676589962,0.6888972057444576,1437238,0,396279,0,,,,,,False,False,,,,{},20260716-213554_cic_random_80_20_v1_mdl00_baseline_seed42,20260716-213554_cic_random_80_20_v1_mdl00_baseline_seed42
random_common,Random 80/20 split,1,mdl01_xgboost,Model 01: XGBoost,42,cic_random_80_20_v1,cic_collection,cic_random_80_20_v1,cic_collection,cic_common_v1,random,7334064,7334064,5748951,1585113,1833517,1437238,396279,11,"[""flow_duration"", ""total_fwd_packets"", ""total_bwd_packets"", ""total_fwd_bytes"", ""total_bwd_bytes"", ""fwd_packet_length_mean"", ""bwd_packet_length_mean"", ""flow_packets_s"", ""flow_bytes_s"", ""syn_flag_count"", ""urg_flag_count""]",0.981142252839761,0.9633806419417692,0.9796651257038433,0.9320958213783723,0.9552886530215332,0.9716700055852308,0.9809703373429149,1429571,7667,26909,369370,,,,,,False,False,,,,"{""base_score"": null, ""booster"": null, ""callbacks"": null, ""colsample_bylevel"": null, ""colsample_bynode"": null, ""colsample_bytree"": 0.8, ""device"": null, ""early_stopping_rounds"": null, ""enable_categorical"": false, ""eval_metric"": ""logloss"", ""feature_types"": null, ""feature_weights"": null, ""gamma"": null, ""grow_policy"": null, ""importance_type"": null, ""interaction_constraints"": null, ""learning_rate"": 0.1, ""max_bin"": null, ""max_cat_threshold"": null, ""max_cat_to_onehot"": null, ""max_delta_step"": null, ""max_depth"": 6, ""max_leaves"": null, ""min_child_weight"": null, ""missing"": NaN, ""monotone_constraints"": null, ""multi_strategy"": null, ""n_estimators"": 200, ""n_jobs"": -1, ""num_parallel_tree"": null, ""objective"": ""binary:logistic"", ""random_state"": 42, ""reg_alpha"": null, ""reg_lambda"": null, ""sampling_method"": null, ""scale_pos_weight"": null, ""subsample"": 0.8, ""tree_method"": ""hist"", ""validate_parameters"": null, ""verbosity"": null}",20260718-194234_cic_random_80_20_v1_mdl01_xgboost_seed42,20260718-194234_cic_random_80_20_v1_mdl01_xgboost_seed42
random_common,Random 80/20 split,1,mdl02_mlp,Model 02: PyTorch MLP / DNN,42,cic_random_80_20_v1,cic_collection,cic_random_80_20_v1,cic_collection,cic_common_v1,random,7334064,7334064,5748951,1585113,1833517,1437238,396279,11,"[""flow_duration"", ""total_fwd_packets"", ""total_bwd_packets"", ""total_fwd_bytes"", ""total_bwd_bytes"", ""fwd_packet_length_mean"", ""bwd_packet_length_mean"", ""flow_packets_s"", ""flow_bytes_s"", ""syn_flag_count"", ""urg_flag_count""]",0.9644884667008814,0.9415677697265166,0.9322416610542913,0.9011958746236869,0.9164559170910529,0.9469540019721887,0.9642689523870374,1411281,25957,39154,357125,,10,4096,0.001,0.5,False,False,879.0516132580015,12.097000165995269,891.1486134239967,"{""activation"": ""relu"", ""dropout"": 0.1, ""hidden_layer_sizes"": [64, 32]}",20260726-004055_cic_random_80_20_v1_mdl02_mlp_seed42,20260726-004055_cic_random_80_20_v1_mdl02_mlp_seed42
random_common,Random 80/20 split,1,mdl03_gru,Model 03: PyTorch GRU,42,cic_random_80_20_v1,cic_collection,cic_random_80_20_v1,cic_collection,cic_common_v1,random,7334064,7334064,5748951,1585113,1833517,1437238,396279,11,"[""flow_duration"", ""total_fwd_packets"", ""total_bwd_packets"", ""total_fwd_bytes"", ""total_bwd_bytes"", ""fwd_packet_length_mean"", ""bwd_packet_length_mean"", ""flow_packets_s"", ""flow_bytes_s"", ""syn_flag_count"", ""urg_flag_count""]",0.9672656430237625,0.9488707438687021,0.9309964726631393,0.9164704665147535,0.9236763630583373,0.9514205999966097,0.9671720836965301,1410320,26918,33101,363178,,10,4096,0.001,0.5,False,False,2118.678265311006,20.358763942000223,2139.037029253006,"{""bidirectional"": false, ""classifier"": ""layer_norm_dropout_linear"", ""dropout"": 0.1, ""hidden_size"": 64, ""input_size"": 1, ""num_layers"": 1, ""pooling"": ""last_hidden_state"", ""sequence_representation"": ""features_as_timesteps""}",20260726-005833_cic_random_80_20_v1_mdl03_gru_seed42,20260726-005833_cic_random_80_20_v1_mdl03_gru_seed42
random_common,Random 80/20 split,1,mdl04_transformer,Model 04: PyTorch Tabular Transformer,42,cic_random_80_20_v1,cic_collection,cic_random_80_20_v1,cic_collection,cic_common_v1,random,7334064,7334064,5748951,1585113,1833517,1437238,396279,11,"[""flow_duration"", ""total_fwd_packets"", ""total_bwd_packets"", ""total_fwd_bytes"", ""total_bwd_bytes"", ""fwd_packet_length_mean"", ""bwd_packet_length_mean"", ""flow_packets_s"", ""flow_bytes_s"", ""syn_flag_count"", ""urg_flag_count""]",0.9712956029314154,0.9540722672041739,0.9423165536148688,0.9237355499534419,0.9329335426584975,0.9573368780846412,0.9711916018978718,1414830,22408,30222,366057,,10,4096,0.001,0.5,False,False,7169.209246897997,42.503758632003155,7211.71300553,"{""activation"": ""gelu"", ""d_model"": 32, ""dropout"": 0.1, ""num_heads"": 4, ""num_layers"": 2, ""pooling"": ""mean""}",20260726-013622_cic_random_80_20_v1_mdl04_transformer_seed42,20260726-013622_cic_random_80_20_v1_mdl04_transformer_seed42
ddos_family_holdout,Complete DDoS-family holdout,2,mdl00_baseline,Model 00: Majority Class Baseline,42,cic_attack_holdout_ddos_v1,cic_collection,cic_attack_holdout_ddos_v1,cic_collection,cic_common_v1,attack_family_holdout,6495614,6495614,5748951,746663,2671967,1437238,1234729,11,"[""flow_duration"", ""total_fwd_packets"", ""total_bwd_packets"", ""total_fwd_bytes"", ""total_bwd_bytes"", ""fwd_packet_length_mean"", ""bwd_packet_length_mean"", ""flow_packets_s"", ""flow_bytes_s"", ""syn_flag_count"", ""urg_flag_count""]",0.5378951162196239,0.5,0.0,0.0,0.0,0.3497605984612595,0.37626903551672886,1437238,0,1234729,0,,,,,,False,False,,,,{},20260718-194542_cic_attack_holdout_ddos_v1_mdl00_baseline_seed42,20260718-194542_cic_attack_holdout_ddos_v1_mdl00_baseline_seed42
ddos_family_holdout,Complete DDoS-family holdout,2,mdl01_xgboost,Model 01: XGBoost,42,cic_attack_holdout_ddos_v1,cic_collection,cic_attack_holdout_ddos_v1,cic_collection,cic_common_v1,attack_family_holdout,6495614,6495614,5748951,746663,2671967,1437238,1234729,11,"[""flow_duration"", ""total_fwd_packets"", ""total_bwd_packets"", ""total_fwd_bytes"", ""total_bwd_bytes"", ""fwd_packet_length_mean"", ""bwd_packet_length_mean"", ""flow_packets_s"", ""flow_bytes_s"", ""syn_flag_count"", ""urg_flag_count""]",0.7283967204684788,0.7064494580598207,0.9890321464942451,0.4168704225785577,0.5865246396480318,0.692153306302689,0.7001589275006933,1431530,5708,720007,514722,,,,,,False,False,,,,"{""base_score"": null, ""booster"": null, ""callbacks"": null, ""colsample_bylevel"": null, ""colsample_bynode"": null, ""colsample_bytree"": 0.8, ""device"": null, ""early_stopping_rounds"": null, ""enable_categorical"": false, ""eval_metric"": ""logloss"", ""feature_types"": null, ""feature_weights"": null, ""gamma"": null, ""grow_policy"": null, ""importance_type"": null, ""interaction_constraints"": null, ""learning_rate"": 0.1, ""max_bin"": null, ""max_cat_threshold"": null, ""max_cat_to_onehot"": null, ""max_delta_step"": null, ""max_depth"": 6, ""max_leaves"": null, ""min_child_weight"": null, ""missing"": NaN, ""monotone_constraints"": null, ""multi_strategy"": null, ""n_estimators"": 200, ""n_jobs"": -1, ""num_parallel_tree"": null, ""objective"": ""binary:logistic"", ""random_state"": 42, ""reg_alpha"": null, ""reg_lambda"": null, ""sampling_method"": null, ""scale_pos_weight"": null, ""subsample"": 0.8, ""tree_method"": ""hist"", ""validate_parameters"": null, ""verbosity"": null}",20260718-194544_cic_attack_holdout_ddos_v1_mdl01_xgboost_seed42,20260718-194544_cic_attack_holdout_ddos_v1_mdl01_xgboost_seed42
ddos_family_holdout,Complete DDoS-family holdout,2,mdl02_mlp,Model 02: PyTorch MLP / DNN,42,cic_attack_holdout_ddos_v1,cic_collection,cic_attack_holdout_ddos_v1,cic_collection,cic_common_v1,attack_family_holdout,6495614,6495614,5748951,746663,2671967,1437238,1234729,11,"[""flow_duration"", ""total_fwd_packets"", ""total_bwd_packets"", ""total_fwd_bytes"", ""total_bwd_bytes"", ""fwd_packet_length_mean"", ""bwd_packet_length_mean"", ""flow_packets_s"", ""flow_bytes_s"", ""syn_flag_count"", ""urg_flag_count""]",0.6867517450627197,0.661962398079039,0.9633050819817259,0.3348840109854065,0.4969930365372954,0.6347740433415899,0.6452164978730011,1421487,15751,821238,413491,,10,4096,0.001,0.5,False,False,,,,"{""activation"": ""relu"", ""dropout"": 0.1, ""hidden_layer_sizes"": [64, 32]}",20260718-194638_cic_attack_holdout_ddos_v1_mdl02_mlp_seed42,20260718-194638_cic_attack_holdout_ddos_v1_mdl02_mlp_seed42
ddos_family_holdout,Complete DDoS-family holdout,2,mdl03_gru,Model 03: PyTorch GRU,42,cic_attack_holdout_ddos_v1,cic_collection,cic_attack_holdout_ddos_v1,cic_collection,cic_common_v1,attack_family_holdout,6495614,6495614,5748951,746663,2671967,1437238,1234729,11,"[""flow_duration"", ""total_fwd_packets"", ""total_bwd_packets"", ""total_fwd_bytes"", ""total_bwd_bytes"", ""fwd_packet_length_mean"", ""bwd_packet_length_mean"", ""flow_packets_s"", ""flow_bytes_s"", ""syn_flag_count"", ""urg_flag_count""]",0.651676835829185,0.623365490801294,0.9858257348405675,0.2498167614108035,0.3986198162339592,0.5767294261020568,0.5902283948336237,1432803,4435,926273,308456,,10,4096,0.001,0.5,False,False,,,,"{""bidirectional"": false, ""classifier"": ""layer_norm_dropout_linear"", ""dropout"": 0.1, ""hidden_size"": 64, ""input_size"": 1, ""num_layers"": 1, ""pooling"": ""last_hidden_state"", ""sequence_representation"": ""features_as_timesteps""}",20260718-200104_cic_attack_holdout_ddos_v1_mdl03_gru_seed42,20260718-200104_cic_attack_holdout_ddos_v1_mdl03_gru_seed42
ddos_family_holdout,Complete DDoS-family holdout,2,mdl04_transformer,Model 04: PyTorch Tabular Transformer,42,cic_attack_holdout_ddos_v1,cic_collection,cic_attack_holdout_ddos_v1,cic_collection,cic_common_v1,attack_family_holdout,6495614,6495614,5748951,746663,2671967,1437238,1234729,11,"[""flow_duration"", ""total_fwd_packets"", ""total_bwd_packets"", ""total_fwd_bytes"", ""total_bwd_bytes"", ""fwd_packet_length_mean"", ""bwd_packet_length_mean"", ""flow_packets_s"", ""flow_bytes_s"", ""syn_flag_count"", ""urg_flag_count""]",0.6592094887399432,0.6317523092224491,0.9748641981096142,0.269473706376055,0.42223300878470343,0.5902824533734682,0.6030189598401373,1428659,8579,902002,332727,,10,4096,0.001,0.5,False,False,,,,"{""activation"": ""gelu"", ""d_model"": 32, ""dropout"": 0.1, ""num_heads"": 4, ""num_layers"": 2, ""pooling"": ""mean""}",20260718-202611_cic_attack_holdout_ddos_v1_mdl04_transformer_seed42,20260718-202611_cic_attack_holdout_ddos_v1_mdl04_transformer_seed42
loic_http_common,DDoS-LOIC-HTTP subtype holdout,3,mdl00_baseline,Model 00: Majority Class Baseline,42,cic_ddos_subtype_holdout_loic_http_v1,cic_collection,cic_ddos_subtype_holdout_loic_http_v1,cic_collection,cic_common_v1,attack_family_holdout,7154979,7154979,5748951,1406028,2012602,1437238,575364,11,"[""flow_duration"", ""total_fwd_packets"", ""total_bwd_packets"", ""total_fwd_bytes"", ""total_bwd_bytes"", ""fwd_packet_length_mean"", ""bwd_packet_length_mean"", ""flow_packets_s"", ""flow_bytes_s"", ""syn_flag_count"", ""urg_flag_count""]",0.7141193340759872,0.5,0.0,0.0,0.0,0.4166100456832781,0.5950185767854183,1437238,0,575364,0,,,,,,False,False,,,,{},20260719-143447_cic_ddos_subtype_holdout_loic_http_v1_mdl00_baseline_seed42,20260719-143447_cic_ddos_subtype_holdout_loic_http_v1_mdl00_baseline_seed42
loic_http_common,DDoS-LOIC-HTTP subtype holdout,3,mdl01_xgboost,Model 01: XGBoost,42,cic_ddos_subtype_holdout_loic_http_v1,cic_collection,cic_ddos_subtype_holdout_loic_http_v1,cic_collection,cic_common_v1,attack_family_holdout,7154979,7154979,5748951,1406028,2012602,1437238,575364,11,"[""flow_duration"", ""total_fwd_packets"", ""total_bwd_packets"", ""total_fwd_bytes"", ""total_bwd_bytes"", ""fwd_packet_length_mean"", ""bwd_packet_length_mean"", ""flow_packets_s"", ""flow_bytes_s"", ""syn_flag_count"", ""urg_flag_count""]",0.8256267259994773,0.6989609499614998,0.9684629771884706,0.40317781439228034,0.5693367955508215,0.7300095359576185,0.7988158163177532,1429684,7554,343390,231974,,,,,,False,False,,,,"{""base_score"": null, ""booster"": null, ""callbacks"": null, ""colsample_bylevel"": null, ""colsample_bynode"": null, ""colsample_bytree"": 0.8, ""device"": null, ""early_stopping_rounds"": null, ""enable_categorical"": false, ""eval_metric"": ""logloss"", ""feature_types"": null, ""feature_weights"": null, ""gamma"": null, ""grow_policy"": null, ""importance_type"": null, ""interaction_constraints"": null, ""learning_rate"": 0.1, ""max_bin"": null, ""max_cat_threshold"": null, ""max_cat_to_onehot"": null, ""max_delta_step"": null, ""max_depth"": 6, ""max_leaves"": null, ""min_child_weight"": null, ""missing"": NaN, ""monotone_constraints"": null, ""multi_strategy"": null, ""n_estimators"": 200, ""n_jobs"": -1, ""num_parallel_tree"": null, ""objective"": ""binary:logistic"", ""random_state"": 42, ""reg_alpha"": null, ""reg_lambda"": null, ""sampling_method"": null, ""scale_pos_weight"": null, ""subsample"": 0.8, ""tree_method"": ""hist"", ""validate_parameters"": null, ""verbosity"": null}",20260719-143453_cic_ddos_subtype_holdout_loic_http_v1_mdl01_xgboost_seed42,20260719-143453_cic_ddos_subtype_holdout_loic_http_v1_mdl01_xgboost_seed42
loic_http_common,DDoS-LOIC-HTTP subtype holdout,3,mdl02_mlp,Model 02: PyTorch MLP / DNN,42,cic_ddos_subtype_holdout_loic_http_v1,cic_collection,cic_ddos_subtype_holdout_loic_http_v1,cic_collection,cic_common_v1,attack_family_holdout,7154979,7154979,5748951,1406028,2012602,1437238,575364,11,"[""flow_duration"", ""total_fwd_packets"", ""total_bwd_packets"", ""total_fwd_bytes"", ""total_bwd_bytes"", ""fwd_packet_length_mean"", ""bwd_packet_length_mean"", ""flow_packets_s"", ""flow_bytes_s"", ""syn_flag_count"", ""urg_flag_count""]",0.8349589238210039,0.7243826866569433,0.9146892925104183,0.4661709804575886,0.6175883435144912,0.7561803834035519,0.8155308539821086,1412222,25016,307146,268218,,10,4096,0.001,0.5,False,False,,,,"{""activation"": ""relu"", ""dropout"": 0.1, ""hidden_layer_sizes"": [64, 32]}",20260719-143614_cic_ddos_subtype_holdout_loic_http_v1_mdl02_mlp_seed42,20260719-143614_cic_ddos_subtype_holdout_loic_http_v1_mdl02_mlp_seed42
loic_http_common,DDoS-LOIC-HTTP subtype holdout,3,mdl03_gru,Model 03: PyTorch GRU,42,cic_ddos_subtype_holdout_loic_http_v1,cic_collection,cic_ddos_subtype_holdout_loic_http_v1,cic_collection,cic_common_v1,attack_family_holdout,7154979,7154979,5748951,1406028,2012602,1437238,575364,11,"[""flow_duration"", ""total_fwd_packets"", ""total_bwd_packets"", ""total_fwd_bytes"", ""total_bwd_bytes"", ""fwd_packet_length_mean"", ""bwd_packet_length_mean"", ""flow_packets_s"", ""flow_bytes_s"", ""syn_flag_count"", ""urg_flag_count""]",0.9431725696387065,0.933688322217775,0.8920388541066055,0.9115412156478334,0.9016845940065693,0.9308606205138792,0.9433549232473363,1373763,63475,50896,524468,,10,4096,0.001,0.5,False,False,,,,"{""bidirectional"": false, ""classifier"": ""layer_norm_dropout_linear"", ""dropout"": 0.1, ""hidden_size"": 64, ""input_size"": 1, ""num_layers"": 1, ""pooling"": ""last_hidden_state"", ""sequence_representation"": ""features_as_timesteps""}",20260719-145243_cic_ddos_subtype_holdout_loic_http_v1_mdl03_gru_seed42,20260719-145243_cic_ddos_subtype_holdout_loic_http_v1_mdl03_gru_seed42
loic_http_common,DDoS-LOIC-HTTP subtype holdout,3,mdl04_transformer,Model 04: PyTorch Tabular Transformer,42,cic_ddos_subtype_holdout_loic_http_v1,cic_collection,cic_ddos_subtype_holdout_loic_http_v1,cic_collection,cic_common_v1,attack_family_holdout,7154979,7154979,5748951,1406028,2012602,1437238,575364,11,"[""flow_duration"", ""total_fwd_packets"", ""total_bwd_packets"", ""total_fwd_bytes"", ""total_bwd_bytes"", ""fwd_packet_length_mean"", ""bwd_packet_length_mean"", ""flow_packets_s"", ""flow_bytes_s"", ""syn_flag_count"", ""urg_flag_count""]",0.8011887099386764,0.6819957471506173,0.8028934905105957,0.40366272481420457,0.5372284689244236,0.7053142600905004,0.7772950954347321,1380221,57017,343111,232253,,10,4096,0.001,0.5,False,False,,,,"{""activation"": ""gelu"", ""d_model"": 32, ""dropout"": 0.1, ""num_heads"": 4, ""num_layers"": 2, ""pooling"": ""mean""}",20260719-152134_cic_ddos_subtype_holdout_loic_http_v1_mdl04_transformer_seed42,20260719-152134_cic_ddos_subtype_holdout_loic_http_v1_mdl04_transformer_seed42
hoic_common,DDoS-HOIC subtype holdout,4,mdl00_baseline,Model 00: Majority Class Baseline,42,cic_ddos_subtype_holdout_hoic_v1,cic_collection,cic_ddos_subtype_holdout_hoic_v1,cic_collection,cic_common_v1,attack_family_holdout,7531482,7531482,5748951,1782531,1636099,1437238,198861,11,"[""flow_duration"", ""total_fwd_packets"", ""total_bwd_packets"", ""total_fwd_bytes"", ""total_bwd_bytes"", ""fwd_packet_length_mean"", ""bwd_packet_length_mean"", ""flow_packets_s"", ""flow_bytes_s"", ""syn_flag_count"", ""urg_flag_count""]",0.878454176672683,0.5,0.0,0.0,0.0,0.46764738133175765,0.8216135906818509,1437238,0,198861,0,,,,,,False,False,2.899965095013613,0.7665346440044232,3.666499739018036,{},20260722-191952_cic_ddos_subtype_holdout_hoic_v1_mdl00_baseline_seed42,20260722-191952_cic_ddos_subtype_holdout_hoic_v1_mdl00_baseline_seed42
hoic_common,DDoS-HOIC subtype holdout,4,mdl01_xgboost,Model 01: XGBoost,42,cic_ddos_subtype_holdout_hoic_v1,cic_collection,cic_ddos_subtype_holdout_hoic_v1,cic_collection,cic_common_v1,attack_family_holdout,7531482,7531482,5748951,1782531,1636099,1437238,198861,11,"[""flow_duration"", ""total_fwd_packets"", ""total_bwd_packets"", ""total_fwd_bytes"", ""total_bwd_bytes"", ""fwd_packet_length_mean"", ""bwd_packet_length_mean"", ""flow_packets_s"", ""flow_bytes_s"", ""syn_flag_count"", ""urg_flag_count""]",0.9897445081257308,0.9749400327598261,0.960049319332572,0.9553808941924259,0.9577094176506913,0.975937071438689,0.9897337348527119,1429332,7906,8873,189988,,,,,,False,False,126.8250202149793,2.040968833025545,128.86598904800485,"{""base_score"": null, ""booster"": null, ""callbacks"": null, ""colsample_bylevel"": null, ""colsample_bynode"": null, ""colsample_bytree"": 0.8, ""device"": null, ""early_stopping_rounds"": null, ""enable_categorical"": false, ""eval_metric"": ""logloss"", ""feature_types"": null, ""feature_weights"": null, ""gamma"": null, ""grow_policy"": null, ""importance_type"": null, ""interaction_constraints"": null, ""learning_rate"": 0.1, ""max_bin"": null, ""max_cat_threshold"": null, ""max_cat_to_onehot"": null, ""max_delta_step"": null, ""max_depth"": 6, ""max_leaves"": null, ""min_child_weight"": null, ""missing"": NaN, ""monotone_constraints"": null, ""multi_strategy"": null, ""n_estimators"": 200, ""n_jobs"": -1, ""num_parallel_tree"": null, ""objective"": ""binary:logistic"", ""random_state"": 42, ""reg_alpha"": null, ""reg_lambda"": null, ""sampling_method"": null, ""scale_pos_weight"": null, ""subsample"": 0.8, ""tree_method"": ""hist"", ""validate_parameters"": null, ""verbosity"": null}",20260722-191956_cic_ddos_subtype_holdout_hoic_v1_mdl01_xgboost_seed42,20260722-191956_cic_ddos_subtype_holdout_hoic_v1_mdl01_xgboost_seed42
hoic_common,DDoS-HOIC subtype holdout,4,mdl02_mlp,Model 02: PyTorch MLP / DNN,42,cic_ddos_subtype_holdout_hoic_v1,cic_collection,cic_ddos_subtype_holdout_hoic_v1,cic_collection,cic_common_v1,attack_family_holdout,7531482,7531482,5748951,1782531,1636099,1437238,198861,11,"[""flow_duration"", ""total_fwd_packets"", ""total_bwd_packets"", ""total_fwd_bytes"", ""total_bwd_bytes"", ""fwd_packet_length_mean"", ""bwd_packet_length_mean"", ""flow_packets_s"", ""flow_bytes_s"", ""syn_flag_count"", ""urg_flag_count""]",0.9667177841927659,0.921518556419266,0.8640231913284598,0.861802967902203,0.862911651490014,0.9219856959670288,0.966699333697577,1410267,26971,27482,171379,,10,4096,0.001,0.5,False,False,953.1283840649994,8.934152956993785,962.0625370219932,"{""activation"": ""relu"", ""dropout"": 0.1, ""hidden_layer_sizes"": [64, 32]}",20260722-192205_cic_ddos_subtype_holdout_hoic_v1_mdl02_mlp_seed42,20260722-192205_cic_ddos_subtype_holdout_hoic_v1_mdl02_mlp_seed42
hoic_common,DDoS-HOIC subtype holdout,4,mdl03_gru,Model 03: PyTorch GRU,42,cic_ddos_subtype_holdout_hoic_v1,cic_collection,cic_ddos_subtype_holdout_hoic_v1,cic_collection,cic_common_v1,attack_family_holdout,7531482,7531482,5748951,1782531,1636099,1437238,198861,11,"[""flow_duration"", ""total_fwd_packets"", ""total_bwd_packets"", ""total_fwd_bytes"", ""total_bwd_bytes"", ""fwd_packet_length_mean"", ""bwd_packet_length_mean"", ""flow_packets_s"", ""flow_bytes_s"", ""syn_flag_count"", ""urg_flag_count""]",0.9570777807455417,0.8881930235653757,0.8413507976775536,0.7971849683950096,0.8186726502325173,0.8971652559513092,0.9565769648957071,1407345,29893,40332,158529,,10,4096,0.001,0.5,False,False,2037.1363672029984,18.329271551017882,2055.4656387540163,"{""bidirectional"": false, ""classifier"": ""layer_norm_dropout_linear"", ""dropout"": 0.1, ""hidden_size"": 64, ""input_size"": 1, ""num_layers"": 1, ""pooling"": ""last_hidden_state"", ""sequence_representation"": ""features_as_timesteps""}",20260722-193809_cic_ddos_subtype_holdout_hoic_v1_mdl03_gru_seed42,20260722-193809_cic_ddos_subtype_holdout_hoic_v1_mdl03_gru_seed42
hoic_common,DDoS-HOIC subtype holdout,4,mdl04_transformer,Model 04: PyTorch Tabular Transformer,42,cic_ddos_subtype_holdout_hoic_v1,cic_collection,cic_ddos_subtype_holdout_hoic_v1,cic_collection,cic_common_v1,attack_family_holdout,7531482,7531482,5748951,1782531,1636099,1437238,198861,11,"[""flow_duration"", ""total_fwd_packets"", ""total_bwd_packets"", ""total_fwd_bytes"", ""total_bwd_bytes"", ""fwd_packet_length_mean"", ""bwd_packet_length_mean"", ""flow_packets_s"", ""flow_bytes_s"", ""syn_flag_count"", ""urg_flag_count""]",0.9759586675378445,0.967058722358866,0.8618754451789109,0.9553004359829227,0.9061863489140857,0.9461995356588992,0.9764858509500166,1406793,30445,8889,189972,,10,4096,0.001,0.5,False,False,8017.816774134,33.888069234002614,8051.704843368003,"{""activation"": ""gelu"", ""d_model"": 32, ""dropout"": 0.1, ""num_heads"": 4, ""num_layers"": 2, ""pooling"": ""mean""}",20260722-201225_cic_ddos_subtype_holdout_hoic_v1_mdl04_transformer_seed42,20260722-201225_cic_ddos_subtype_holdout_hoic_v1_mdl04_transformer_seed42
external,External real-world evaluation,5,mdl00_baseline,Model 00: Majority Class Baseline,42,cic_random_80_20_v1,cic_collection,realworld_external_full_v1,realworld,cic_common_v1,external_full,7334064,7334064,5748951,1585113,1687049,1287049,400000,11,"[""flow_duration"", ""total_fwd_packets"", ""total_bwd_packets"", ""total_fwd_bytes"", ""total_bwd_bytes"", ""fwd_packet_length_mean"", ""bwd_packet_length_mean"", ""flow_packets_s"", ""flow_bytes_s"", ""syn_flag_count"", ""urg_flag_count""]",0.7628995956845356,0.5,0.0,0.0,0.0,0.43275272032058126,0.6602937507279086,1287049,0,400000,0,,,,,,False,False,,0.5435870720248204,,{},20260716-213554_cic_random_80_20_v1_mdl00_baseline_seed42,20260722-231036_realworld_external_full_v1_mdl00_baseline_seed42
external,External real-world evaluation,5,mdl01_xgboost,Model 01: XGBoost,42,cic_random_80_20_v1,cic_collection,realworld_external_full_v1,realworld,cic_common_v1,external_full,7334064,7334064,5748951,1585113,1687049,1287049,400000,11,"[""flow_duration"", ""total_fwd_packets"", ""total_bwd_packets"", ""total_fwd_bytes"", ""total_bwd_bytes"", ""fwd_packet_length_mean"", ""bwd_packet_length_mean"", ""flow_packets_s"", ""flow_bytes_s"", ""syn_flag_count"", ""urg_flag_count""]",0.7626144824483462,0.49981313842751907,0.0,0.0,0.0,0.4326609647442828,0.6601537501437889,1286568,481,400000,0,,,,,,False,False,,1.3121514609956648,,"{""base_score"": null, ""booster"": null, ""callbacks"": null, ""colsample_bylevel"": null, ""colsample_bynode"": null, ""colsample_bytree"": 0.8, ""device"": null, ""early_stopping_rounds"": null, ""enable_categorical"": false, ""eval_metric"": ""logloss"", ""feature_types"": null, ""feature_weights"": null, ""gamma"": null, ""grow_policy"": null, ""importance_type"": null, ""interaction_constraints"": null, ""learning_rate"": 0.1, ""max_bin"": null, ""max_cat_threshold"": null, ""max_cat_to_onehot"": null, ""max_delta_step"": null, ""max_depth"": 6, ""max_leaves"": null, ""min_child_weight"": null, ""missing"": NaN, ""monotone_constraints"": null, ""multi_strategy"": null, ""n_estimators"": 200, ""n_jobs"": -1, ""num_parallel_tree"": null, ""objective"": ""binary:logistic"", ""random_state"": 42, ""reg_alpha"": null, ""reg_lambda"": null, ""sampling_method"": null, ""scale_pos_weight"": null, ""subsample"": 0.8, ""tree_method"": ""hist"", ""validate_parameters"": null, ""verbosity"": null}",20260718-194234_cic_random_80_20_v1_mdl01_xgboost_seed42,20260722-231037_realworld_external_full_v1_mdl01_xgboost_seed42
external,External real-world evaluation,5,mdl02_mlp,Model 02: PyTorch MLP / DNN,42,cic_random_80_20_v1,cic_collection,realworld_external_full_v1,realworld,cic_common_v1,external_full,7334064,7334064,5748951,1585113,1687049,1287049,400000,11,"[""flow_duration"", ""total_fwd_packets"", ""total_bwd_packets"", ""total_fwd_bytes"", ""total_bwd_bytes"", ""fwd_packet_length_mean"", ""bwd_packet_length_mean"", ""flow_packets_s"", ""flow_bytes_s"", ""syn_flag_count"", ""urg_flag_count""]",0.7628960391784708,0.5000080072592419,0.4,3e-05,5.999550033747469e-05,0.4327810310150437,0.6603054015770634,1287031,18,399988,12,,10,4096,0.001,0.5,False,False,879.0516132580015,12.149514545002603,891.201127803004,"{""activation"": ""relu"", ""dropout"": 0.1, ""hidden_layer_sizes"": [64, 32]}",20260726-004055_cic_random_80_20_v1_mdl02_mlp_seed42,20260726-013516_realworld_external_full_v1_mdl02_mlp_seed42
external,External real-world evaluation,5,mdl03_gru,Model 03: PyTorch GRU,42,cic_random_80_20_v1,cic_collection,realworld_external_full_v1,realworld,cic_common_v1,external_full,7334064,7334064,5748951,1585113,1687049,1287049,400000,11,"[""flow_duration"", ""total_fwd_packets"", ""total_bwd_packets"", ""total_fwd_bytes"", ""total_bwd_bytes"", ""fwd_packet_length_mean"", ""bwd_packet_length_mean"", ""flow_packets_s"", ""flow_bytes_s"", ""syn_flag_count"", ""urg_flag_count""]",0.23630730346302922,0.15487444533968792,0.0,0.0,0.0,0.1911396161788474,0.29164067180428,398662,888387,400000,0,,10,4096,0.001,0.5,False,False,2118.678265311006,22.618133474003116,2141.296398785009,"{""bidirectional"": false, ""classifier"": ""layer_norm_dropout_linear"", ""dropout"": 0.1, ""hidden_size"": 64, ""input_size"": 1, ""num_layers"": 1, ""pooling"": ""last_hidden_state"", ""sequence_representation"": ""features_as_timesteps""}",20260726-005833_cic_random_80_20_v1_mdl03_gru_seed42,20260726-013535_realworld_external_full_v1_mdl03_gru_seed42
external,External real-world evaluation,5,mdl04_transformer,Model 04: PyTorch Tabular Transformer,42,cic_random_80_20_v1,cic_collection,realworld_external_full_v1,realworld,cic_common_v1,external_full,7334064,7334064,5748951,1585113,1687049,1287049,400000,11,"[""flow_duration"", ""total_fwd_packets"", ""total_bwd_packets"", ""total_fwd_bytes"", ""total_bwd_bytes"", ""fwd_packet_length_mean"", ""bwd_packet_length_mean"", ""flow_packets_s"", ""flow_bytes_s"", ""syn_flag_count"", ""urg_flag_count""]",0.7626405634928209,0.4998302317938167,0.0,0.0,0.0,0.4326693594192479,0.6601665587320624,1286612,437,400000,0,,10,4096,0.001,0.5,False,False,7169.209246897997,28.306804081003065,7197.516050979,"{""activation"": ""gelu"", ""d_model"": 32, ""dropout"": 0.1, ""num_heads"": 4, ""num_layers"": 2, ""pooling"": ""mean""}",20260726-013622_cic_random_80_20_v1_mdl04_transformer_seed42,20260726-113826_realworld_external_full_v1_mdl04_transformer_seed42
loic_http_full,DDoS-LOIC-HTTP holdout with full feature set,6,mdl00_baseline,Model 00: Majority Class Baseline,42,cic_ddos_subtype_holdout_loic_http_full_v1,cic_collection,cic_ddos_subtype_holdout_loic_http_full_v1,cic_collection,cic_full_v1,attack_family_holdout,7154979,7154979,5748951,1406028,2012602,1437238,575364,57,"[""flow_duration"", ""total_fwd_packets"", ""total_bwd_packets"", ""total_fwd_bytes"", ""total_bwd_bytes"", ""fwd_packet_length_max"", ""fwd_packet_length_mean"", ""fwd_packet_length_std"", ""bwd_packet_length_max"", ""bwd_packet_length_mean"", ""bwd_packet_length_std"", ""flow_bytes_s"", ""flow_packets_s"", ""flow_iat_mean"", ""flow_iat_std"", ""flow_iat_max"", ""flow_iat_min"", ""fwd_iat_total"", ""fwd_iat_mean"", ""fwd_iat_std"", ""fwd_iat_max"", ""fwd_iat_min"", ""bwd_iat_total"", ""bwd_iat_mean"", ""bwd_iat_std"", ""bwd_iat_max"", ""bwd_iat_min"", ""fwd_psh_flags"", ""fwd_header_length"", ""bwd_header_length"", ""fwd_packets_s"", ""bwd_packets_s"", ""packet_length_max"", ""packet_length_mean"", ""packet_length_std"", ""packet_length_variance"", ""syn_flag_count"", ""urg_flag_count"", ""avg_packet_size"", ""avg_fwd_segment_size"", ""avg_bwd_segment_size"", ""subflow_fwd_packets"", ""subflow_fwd_bytes"", ""subflow_bwd_packets"", ""subflow_bwd_bytes"", ""init_fwd_win_bytes"", ""init_bwd_win_bytes"", ""fwd_act_data_packets"", ""fwd_seg_size_min"", ""active_mean"", ""active_std"", ""active_max"", ""active_min"", ""idle_mean"", ""idle_std"", ""idle_max"", ""idle_min""]",0.7141193340759872,0.5,0.0,0.0,0.0,0.4166100456832781,0.5950185767854183,1437238,0,575364,0,,,,,,False,False,,,,{},20260719-190410_cic_ddos_subtype_holdout_loic_http_full_v1_mdl00_baseline_seed42,20260719-190410_cic_ddos_subtype_holdout_loic_http_full_v1_mdl00_baseline_seed42
loic_http_full,DDoS-LOIC-HTTP holdout with full feature set,6,mdl01_xgboost,Model 01: XGBoost,42,cic_ddos_subtype_holdout_loic_http_full_v1,cic_collection,cic_ddos_subtype_holdout_loic_http_full_v1,cic_collection,cic_full_v1,attack_family_holdout,7154979,7154979,5748951,1406028,2012602,1437238,575364,57,"[""flow_duration"", ""total_fwd_packets"", ""total_bwd_packets"", ""total_fwd_bytes"", ""total_bwd_bytes"", ""fwd_packet_length_max"", ""fwd_packet_length_mean"", ""fwd_packet_length_std"", ""bwd_packet_length_max"", ""bwd_packet_length_mean"", ""bwd_packet_length_std"", ""flow_bytes_s"", ""flow_packets_s"", ""flow_iat_mean"", ""flow_iat_std"", ""flow_iat_max"", ""flow_iat_min"", ""fwd_iat_total"", ""fwd_iat_mean"", ""fwd_iat_std"", ""fwd_iat_max"", ""fwd_iat_min"", ""bwd_iat_total"", ""bwd_iat_mean"", ""bwd_iat_std"", ""bwd_iat_max"", ""bwd_iat_min"", ""fwd_psh_flags"", ""fwd_header_length"", ""bwd_header_length"", ""fwd_packets_s"", ""bwd_packets_s"", ""packet_length_max"", ""packet_length_mean"", ""packet_length_std"", ""packet_length_variance"", ""syn_flag_count"", ""urg_flag_count"", ""avg_packet_size"", ""avg_fwd_segment_size"", ""avg_bwd_segment_size"", ""subflow_fwd_packets"", ""subflow_fwd_bytes"", ""subflow_bwd_packets"", ""subflow_bwd_bytes"", ""init_fwd_win_bytes"", ""init_bwd_win_bytes"", ""fwd_act_data_packets"", ""fwd_seg_size_min"", ""active_mean"", ""active_std"", ""active_max"", ""active_min"", ""idle_mean"", ""idle_std"", ""idle_max"", ""idle_min""]",0.7139255550774569,0.5002812235770615,0.4020100502512563,0.0013904241488866178,0.0027712633843361267,0.4178909901039319,0.5956613089979431,1436048,1190,574564,800,,,,,,False,False,,,,"{""base_score"": null, ""booster"": null, ""callbacks"": null, ""colsample_bylevel"": null, ""colsample_bynode"": null, ""colsample_bytree"": 0.8, ""device"": null, ""early_stopping_rounds"": null, ""enable_categorical"": false, ""eval_metric"": ""logloss"", ""feature_types"": null, ""feature_weights"": null, ""gamma"": null, ""grow_policy"": null, ""importance_type"": null, ""interaction_constraints"": null, ""learning_rate"": 0.1, ""max_bin"": null, ""max_cat_threshold"": null, ""max_cat_to_onehot"": null, ""max_delta_step"": null, ""max_depth"": 6, ""max_leaves"": null, ""min_child_weight"": null, ""missing"": NaN, ""monotone_constraints"": null, ""multi_strategy"": null, ""n_estimators"": 200, ""n_jobs"": -1, ""num_parallel_tree"": null, ""objective"": ""binary:logistic"", ""random_state"": 42, ""reg_alpha"": null, ""reg_lambda"": null, ""sampling_method"": null, ""scale_pos_weight"": null, ""subsample"": 0.8, ""tree_method"": ""hist"", ""validate_parameters"": null, ""verbosity"": null}",20260719-190429_cic_ddos_subtype_holdout_loic_http_full_v1_mdl01_xgboost_seed42,20260719-190429_cic_ddos_subtype_holdout_loic_http_full_v1_mdl01_xgboost_seed42
loic_http_full,DDoS-LOIC-HTTP holdout with full feature set,6,mdl02_mlp,Model 02: PyTorch MLP / DNN,42,cic_ddos_subtype_holdout_loic_http_full_v1,cic_collection,cic_ddos_subtype_holdout_loic_http_full_v1,cic_collection,cic_full_v1,attack_family_holdout,7154979,7154979,5748951,1406028,2012602,1437238,575364,57,"[""flow_duration"", ""total_fwd_packets"", ""total_bwd_packets"", ""total_fwd_bytes"", ""total_bwd_bytes"", ""fwd_packet_length_max"", ""fwd_packet_length_mean"", ""fwd_packet_length_std"", ""bwd_packet_length_max"", ""bwd_packet_length_mean"", ""bwd_packet_length_std"", ""flow_bytes_s"", ""flow_packets_s"", ""flow_iat_mean"", ""flow_iat_std"", ""flow_iat_max"", ""flow_iat_min"", ""fwd_iat_total"", ""fwd_iat_mean"", ""fwd_iat_std"", ""fwd_iat_max"", ""fwd_iat_min"", ""bwd_iat_total"", ""bwd_iat_mean"", ""bwd_iat_std"", ""bwd_iat_max"", ""bwd_iat_min"", ""fwd_psh_flags"", ""fwd_header_length"", ""bwd_header_length"", ""fwd_packets_s"", ""bwd_packets_s"", ""packet_length_max"", ""packet_length_mean"", ""packet_length_std"", ""packet_length_variance"", ""syn_flag_count"", ""urg_flag_count"", ""avg_packet_size"", ""avg_fwd_segment_size"", ""avg_bwd_segment_size"", ""subflow_fwd_packets"", ""subflow_fwd_bytes"", ""subflow_bwd_packets"", ""subflow_bwd_bytes"", ""init_fwd_win_bytes"", ""init_bwd_win_bytes"", ""fwd_act_data_packets"", ""fwd_seg_size_min"", ""active_mean"", ""active_std"", ""active_max"", ""active_min"", ""idle_mean"", ""idle_std"", ""idle_max"", ""idle_min""]",0.8320562137968659,0.7138716027321939,0.9452681814088904,0.437893229329607,0.5985223898325217,0.746171072200994,0.8093999472928624,1422650,14588,323416,251948,,10,4096,0.001,0.5,False,False,,,,"{""activation"": ""relu"", ""dropout"": 0.1, ""hidden_layer_sizes"": [64, 32]}",20260719-190613_cic_ddos_subtype_holdout_loic_http_full_v1_mdl02_mlp_seed42,20260719-190613_cic_ddos_subtype_holdout_loic_http_full_v1_mdl02_mlp_seed42
loic_http_full,DDoS-LOIC-HTTP holdout with full feature set,6,mdl03_gru,Model 03: PyTorch GRU,42,cic_ddos_subtype_holdout_loic_http_full_v1,cic_collection,cic_ddos_subtype_holdout_loic_http_full_v1,cic_collection,cic_full_v1,attack_family_holdout,7154979,7154979,5748951,1406028,2012602,1437238,575364,57,"[""flow_duration"", ""total_fwd_packets"", ""total_bwd_packets"", ""total_fwd_bytes"", ""total_bwd_bytes"", ""fwd_packet_length_max"", ""fwd_packet_length_mean"", ""fwd_packet_length_std"", ""bwd_packet_length_max"", ""bwd_packet_length_mean"", ""bwd_packet_length_std"", ""flow_bytes_s"", ""flow_packets_s"", ""flow_iat_mean"", ""flow_iat_std"", ""flow_iat_max"", ""flow_iat_min"", ""fwd_iat_total"", ""fwd_iat_mean"", ""fwd_iat_std"", ""fwd_iat_max"", ""fwd_iat_min"", ""bwd_iat_total"", ""bwd_iat_mean"", ""bwd_iat_std"", ""bwd_iat_max"", ""bwd_iat_min"", ""fwd_psh_flags"", ""fwd_header_length"", ""bwd_header_length"", ""fwd_packets_s"", ""bwd_packets_s"", ""packet_length_max"", ""packet_length_mean"", ""packet_length_std"", ""packet_length_variance"", ""syn_flag_count"", ""urg_flag_count"", ""avg_packet_size"", ""avg_fwd_segment_size"", ""avg_bwd_segment_size"", ""subflow_fwd_packets"", ""subflow_fwd_bytes"", ""subflow_bwd_packets"", ""subflow_bwd_bytes"", ""init_fwd_win_bytes"", ""init_bwd_win_bytes"", ""fwd_act_data_packets"", ""fwd_seg_size_min"", ""active_mean"", ""active_std"", ""active_max"", ""active_min"", ""idle_mean"", ""idle_std"", ""idle_max"", ""idle_min""]",0.8356321816235898,0.7305624867372098,0.8896863158766934,0.4852093631162186,0.6279518327033315,0.7612333447178318,0.8183096419122028,1402623,34615,296192,279172,,10,4096,0.001,0.5,False,False,,,,"{""bidirectional"": false, ""classifier"": ""layer_norm_dropout_linear"", ""dropout"": 0.1, ""hidden_size"": 64, ""input_size"": 1, ""num_layers"": 1, ""pooling"": ""last_hidden_state"", ""sequence_representation"": ""features_as_timesteps""}",20260719-192103_cic_ddos_subtype_holdout_loic_http_full_v1_mdl03_gru_seed42,20260719-192103_cic_ddos_subtype_holdout_loic_http_full_v1_mdl03_gru_seed42
loic_http_full,DDoS-LOIC-HTTP holdout with full feature set,6,mdl04_transformer,Model 04: PyTorch Tabular Transformer,42,cic_ddos_subtype_holdout_loic_http_full_v1,cic_collection,cic_ddos_subtype_holdout_loic_http_full_v1,cic_collection,cic_full_v1,attack_family_holdout,7154979,7154979,5748951,1406028,2012602,1437238,575364,57,"[""flow_duration"", ""total_fwd_packets"", ""total_bwd_packets"", ""total_fwd_bytes"", ""total_bwd_bytes"", ""fwd_packet_length_max"", ""fwd_packet_length_mean"", ""fwd_packet_length_std"", ""bwd_packet_length_max"", ""bwd_packet_length_mean"", ""bwd_packet_length_std"", ""flow_bytes_s"", ""flow_packets_s"", ""flow_iat_mean"", ""flow_iat_std"", ""flow_iat_max"", ""flow_iat_min"", ""fwd_iat_total"", ""fwd_iat_mean"", ""fwd_iat_std"", ""fwd_iat_max"", ""fwd_iat_min"", ""bwd_iat_total"", ""bwd_iat_mean"", ""bwd_iat_std"", ""bwd_iat_max"", ""bwd_iat_min"", ""fwd_psh_flags"", ""fwd_header_length"", ""bwd_header_length"", ""fwd_packets_s"", ""bwd_packets_s"", ""packet_length_max"", ""packet_length_mean"", ""packet_length_std"", ""packet_length_variance"", ""syn_flag_count"", ""urg_flag_count"", ""avg_packet_size"", ""avg_fwd_segment_size"", ""avg_bwd_segment_size"", ""subflow_fwd_packets"", ""subflow_fwd_bytes"", ""subflow_bwd_packets"", ""subflow_bwd_bytes"", ""init_fwd_win_bytes"", ""init_bwd_win_bytes"", ""fwd_act_data_packets"", ""fwd_seg_size_min"", ""active_mean"", ""active_std"", ""active_max"", ""active_min"", ""idle_mean"", ""idle_std"", ""idle_max"", ""idle_min""]",0.8284946551777251,0.7084439937171452,0.9385545106765634,0.4281081193818174,0.5880058438210186,0.7398565278007094,0.8048848624661386,1421112,16126,329046,246318,,10,4096,0.001,0.5,False,False,,,,"{""activation"": ""gelu"", ""d_model"": 32, ""dropout"": 0.1, ""num_heads"": 4, ""num_layers"": 2, ""pooling"": ""mean""}",20260719-210349_cic_ddos_subtype_holdout_loic_http_full_v1_mdl04_transformer_seed42,20260719-210349_cic_ddos_subtype_holdout_loic_http_full_v1_mdl04_transformer_seed42
